/*
SQLyog Ultimate v12.08 (64 bit)
MySQL - 5.5.40 : Database - health
*********************************************************************
*/

/*!40101 SET NAMES utf8 */;

/*!40101 SET SQL_MODE=''*/;

/*!40014 SET @OLD_UNIQUE_CHECKS=@@UNIQUE_CHECKS, UNIQUE_CHECKS=0 */;
/*!40014 SET @OLD_FOREIGN_KEY_CHECKS=@@FOREIGN_KEY_CHECKS, FOREIGN_KEY_CHECKS=0 */;
/*!40101 SET @OLD_SQL_MODE=@@SQL_MODE, SQL_MODE='NO_AUTO_VALUE_ON_ZERO' */;
/*!40111 SET @OLD_SQL_NOTES=@@SQL_NOTES, SQL_NOTES=0 */;
CREATE DATABASE /*!32312 IF NOT EXISTS*/`health` /*!40100 DEFAULT CHARACTER SET utf8 */;

USE `health`;

/*Table structure for table `sys_menu` */

DROP TABLE IF EXISTS `sys_menu`;

CREATE TABLE `sys_menu` (
  `id` int(11) NOT NULL AUTO_INCREMENT,
  `pid` int(11) DEFAULT NULL,
  `title` varchar(255) DEFAULT NULL,
  `href` varchar(255) DEFAULT NULL,
  `spread` int(255) DEFAULT NULL COMMENT '0不展开1展开',
  `target` varchar(255) DEFAULT NULL,
  `icon` varchar(255) DEFAULT NULL,
  `available` int(255) DEFAULT NULL COMMENT '0不可用1可用',
  PRIMARY KEY (`id`) USING BTREE
) ENGINE=InnoDB AUTO_INCREMENT=21 DEFAULT CHARSET=utf8 ROW_FORMAT=COMPACT;

/*Data for the table `sys_menu` */

insert  into `sys_menu`(`id`,`pid`,`title`,`href`,`spread`,`target`,`icon`,`available`) values (1,0,'汽车出租系统',NULL,1,NULL,'&#xe68e;',1),(2,1,'基础管理','',1,'','&#xe653;',1),(3,1,'业务管理','',1,'','&#xe663;',1),(4,1,'系统管理','',0,'','&#xe716;',1),(6,2,'客户管理','../bus/toCustomerManager.action',0,'','&#xe770;',1),(7,2,'车辆管理','../bus/toCarManager.action',0,'','&#xe657;',1),(8,3,'汽车出租','../bus/toRentCarManager.action',1,'','&#xe65b;',1),(9,3,'出租单管理','../bus/toRentManager.action',0,'','&#xe6b2;',1),(10,3,'汽车入库','../bus/toCheckCarManager.action',0,'','&#xe65a;',1),(11,3,'检查单管理','../bus/toCheckManager.action',0,'','&#xe705;',1),(12,4,'菜单管理','../sys/toMenuManager.action',0,NULL,'&#xe60f;',1),(13,4,'角色管理','../sys/toRoleManager.action',0,'','&#xe66f;',1),(14,4,'用户管理','../sys/toUserManager.action',0,'','&#xe770;',1),(15,4,'日志管理','../sys/toLogInfoManager.action',0,'','&#xe655;',1),(16,4,'公告管理','../sys/toNewsManager.action',0,'','&#xe645;',1),(18,5,'客户地区统计','../stat/toCustomerAreaStat.action',0,'','&#xe63c;',1),(19,5,'公司年度月份销售额','../stat/toCompanyYearGradeStat.action',0,'','&#xe62c;',1),(20,5,'业务员年度销售额','../stat/toOpernameYearGradeStat.action',0,'','&#xe62d;',1);

/*Table structure for table `sys_role` */

DROP TABLE IF EXISTS `sys_role`;

CREATE TABLE `sys_role` (
  `roleid` int(11) NOT NULL AUTO_INCREMENT,
  `rolename` varchar(255) DEFAULT NULL,
  `roledesc` varchar(255) DEFAULT NULL,
  `available` int(11) DEFAULT NULL,
  PRIMARY KEY (`roleid`) USING BTREE
) ENGINE=InnoDB AUTO_INCREMENT=3 DEFAULT CHARSET=utf8 ROW_FORMAT=COMPACT;

/*Data for the table `sys_role` */

insert  into `sys_role`(`roleid`,`rolename`,`roledesc`,`available`) values (1,'超级管理员','拥有所有菜单权限',1),(2,'业务管理员','拥有所以业务菜单',1);

/*Table structure for table `sys_role_menu` */

DROP TABLE IF EXISTS `sys_role_menu`;

CREATE TABLE `sys_role_menu` (
  `rid` int(11) NOT NULL,
  `mid` int(11) NOT NULL,
  PRIMARY KEY (`rid`,`mid`) USING BTREE
) ENGINE=InnoDB DEFAULT CHARSET=utf8 ROW_FORMAT=COMPACT;

/*Data for the table `sys_role_menu` */

insert  into `sys_role_menu`(`rid`,`mid`) values (1,1),(1,2),(1,3),(1,4),(1,6),(1,7),(1,8),(1,9),(1,10),(1,11),(1,12),(1,13),(1,14),(1,15),(1,16),(1,17),(2,1),(2,2),(2,3),(2,6),(2,7),(2,8),(2,9),(2,10),(2,11);

/*Table structure for table `sys_role_user` */

DROP TABLE IF EXISTS `sys_role_user`;

CREATE TABLE `sys_role_user` (
  `uid` int(11) NOT NULL,
  `rid` int(11) NOT NULL,
  PRIMARY KEY (`uid`,`rid`) USING BTREE
) ENGINE=InnoDB DEFAULT CHARSET=utf8 ROW_FORMAT=COMPACT;

/*Data for the table `sys_role_user` */

insert  into `sys_role_user`(`uid`,`rid`) values (4,2);

/*Table structure for table `sys_user` */

DROP TABLE IF EXISTS `sys_user`;

CREATE TABLE `sys_user` (
  `userid` int(11) NOT NULL AUTO_INCREMENT,
  `loginname` varchar(255) DEFAULT NULL,
  `identity` varchar(255) DEFAULT NULL,
  `realname` varchar(255) DEFAULT NULL,
  `sex` int(255) DEFAULT NULL COMMENT '0女1男',
  `address` varchar(255) DEFAULT NULL,
  `phone` varchar(255) DEFAULT NULL,
  `pwd` varchar(255) DEFAULT NULL,
  `position` varchar(255) DEFAULT NULL,
  `type` int(255) DEFAULT '2' COMMENT '1，超级管理员,2，系统用户',
  `available` int(255) DEFAULT NULL,
  `money` int(255) DEFAULT NULL COMMENT '余额',
  PRIMARY KEY (`userid`) USING BTREE
) ENGINE=InnoDB AUTO_INCREMENT=5 DEFAULT CHARSET=utf8 ROW_FORMAT=COMPACT;

/*Data for the table `sys_user` */

insert  into `sys_user`(`userid`,`loginname`,`identity`,`realname`,`sex`,`address`,`phone`,`pwd`,`position`,`type`,`available`,`money`) values (1,'admin','4313341334413','管理员',1,'admin','13520109202','e10adc3949ba59abbe56e057f20f883e','CEO',1,1,1),(4,'yewu','43311341311314341','业务员',0,'业务员','13999999999','e10adc3949ba59abbe56e057f20f883e','业务员',2,1,3);

/*Table structure for table `t_checkgroup` */

DROP TABLE IF EXISTS `t_checkgroup`;

CREATE TABLE `t_checkgroup` (
  `id` int(11) NOT NULL AUTO_INCREMENT,
  `code` varchar(32) DEFAULT NULL,
  `name` varchar(32) DEFAULT NULL,
  `helpCode` varchar(32) DEFAULT NULL,
  `sex` char(1) DEFAULT NULL,
  `remark` varchar(128) DEFAULT NULL,
  `attention` varchar(128) DEFAULT NULL,
  PRIMARY KEY (`id`)
) ENGINE=InnoDB AUTO_INCREMENT=24 DEFAULT CHARSET=utf8;

/*Data for the table `t_checkgroup` */

insert  into `t_checkgroup`(`id`,`code`,`name`,`helpCode`,`sex`,`remark`,`attention`) values (5,'0001','一般检查','YBJC','0','一般检查','无'),(6,'0002','视力色觉','SLSJ','0','视力色觉',NULL),(7,'0003','血常规','XCG','0','血常规',NULL),(8,'0004','尿常规','NCG','0','尿常规',NULL),(9,'0005','肝功三项','GGSX','0','肝功三项',NULL),(10,'0006','肾功三项','NGSX','0','肾功三项',NULL),(11,'0007','血脂四项','XZSX','0','血脂四项',NULL),(12,'0008','心肌酶三项','XJMSX','0','心肌酶三项',NULL),(13,'0009','甲功三项','JGSX','0','甲功三项',NULL),(14,'0010','子宫附件彩超','ZGFJCC','2','子宫附件彩超',NULL),(15,'0011','胆红素三项','DHSSX','0','胆红素三项',NULL),(23,'1212','1212','121','0','1212','1212');

/*Table structure for table `t_checkgroup_checkitem` */

DROP TABLE IF EXISTS `t_checkgroup_checkitem`;

CREATE TABLE `t_checkgroup_checkitem` (
  `checkgroup_id` int(11) NOT NULL DEFAULT '0',
  `checkitem_id` int(11) NOT NULL DEFAULT '0',
  PRIMARY KEY (`checkgroup_id`,`checkitem_id`),
  KEY `item_id` (`checkitem_id`),
  CONSTRAINT `group_id` FOREIGN KEY (`checkgroup_id`) REFERENCES `t_checkgroup` (`id`),
  CONSTRAINT `item_id` FOREIGN KEY (`checkitem_id`) REFERENCES `t_checkitem` (`id`)
) ENGINE=InnoDB DEFAULT CHARSET=utf8;

/*Data for the table `t_checkgroup_checkitem` */

insert  into `t_checkgroup_checkitem`(`checkgroup_id`,`checkitem_id`) values (5,28),(5,29),(5,30),(5,31),(5,32),(6,33),(6,34),(6,35),(6,36),(6,37),(7,38),(7,39),(7,40),(7,41),(7,42),(7,43),(7,44),(7,45),(7,46),(7,47),(7,48),(7,49),(7,50),(7,51),(7,52),(7,53),(7,54),(7,55),(7,56),(8,57),(8,58),(8,59),(8,60),(8,61),(8,62),(8,63),(8,64),(8,65),(8,66),(8,67),(8,68),(8,69),(8,70),(8,71),(10,75),(10,76),(10,77),(11,78),(11,79),(11,80),(11,81),(12,82),(12,83),(12,84),(13,85),(13,86),(13,87),(14,88),(14,89),(15,90),(15,91),(15,92);

/*Table structure for table `t_checkitem` */

DROP TABLE IF EXISTS `t_checkitem`;

CREATE TABLE `t_checkitem` (
  `id` int(11) NOT NULL AUTO_INCREMENT,
  `code` varchar(16) DEFAULT NULL,
  `name` varchar(32) DEFAULT NULL,
  `sex` char(1) DEFAULT NULL,
  `age` varchar(32) DEFAULT NULL,
  `price` float DEFAULT NULL,
  `type` char(1) DEFAULT NULL COMMENT '查检项类型,分为检查和检验两种',
  `attention` varchar(128) DEFAULT NULL,
  `remark` varchar(128) DEFAULT NULL,
  PRIMARY KEY (`id`)
) ENGINE=InnoDB AUTO_INCREMENT=109 DEFAULT CHARSET=utf8;

/*Data for the table `t_checkitem` */

insert  into `t_checkitem`(`id`,`code`,`name`,`sex`,`age`,`price`,`type`,`attention`,`remark`) values (28,'0001','身高','0','0-100',5,'1','无','身高'),(29,'0002','体重','0','0-100',5,'1','无','体重'),(30,'0003','体重指数','0','0-100',5,'1','无','体重指数'),(31,'0004','收缩压','0','0-100',5,'1','无','收缩压'),(32,'0005','舒张压','0','0-100',5,'1','无','舒张压'),(33,'0006','裸视力（右）','0','0-100',5,'1','无','裸视力（右）'),(34,'0007','裸视力（左）','0','0-100',5,'1','无','裸视力（左）'),(35,'0008','矫正视力（右）','0','0-100',5,'1','无','矫正视力（右）'),(36,'0009','矫正视力（左）','0','0-100',5,'1','无','矫正视力（左）'),(37,'0010','色觉','0','0-100',5,'1','无','色觉'),(38,'0011','白细胞计数','0','0-100',10,'2','无','白细胞计数'),(39,'0012','红细胞计数','0','0-100',10,'2',NULL,'红细胞计数'),(40,'0013','血红蛋白','0','0-100',10,'2',NULL,'血红蛋白'),(41,'0014','红细胞压积','0','0-100',10,'2',NULL,'红细胞压积'),(42,'0015','平均红细胞体积','0','0-100',10,'2',NULL,'平均红细胞体积'),(43,'0016','平均红细胞血红蛋白含量','0','0-100',10,'2',NULL,'平均红细胞血红蛋白含量'),(44,'0017','平均红细胞血红蛋白浓度','0','0-100',10,'2',NULL,'平均红细胞血红蛋白浓度'),(45,'0018','红细胞分布宽度-变异系数','0','0-100',10,'2',NULL,'红细胞分布宽度-变异系数'),(46,'0019','血小板计数','0','0-100',10,'2',NULL,'血小板计数'),(47,'0020','平均血小板体积','0','0-100',10,'2',NULL,'平均血小板体积'),(48,'0021','血小板分布宽度','0','0-100',10,'2',NULL,'血小板分布宽度'),(49,'0022','淋巴细胞百分比','0','0-100',10,'2',NULL,'淋巴细胞百分比'),(50,'0023','中间细胞百分比','0','0-100',10,'2',NULL,'中间细胞百分比'),(51,'0024','中性粒细胞百分比','0','0-100',10,'2',NULL,'中性粒细胞百分比'),(52,'0025','淋巴细胞绝对值','0','0-100',10,'2',NULL,'淋巴细胞绝对值'),(53,'0026','中间细胞绝对值','0','0-100',10,'2',NULL,'中间细胞绝对值'),(54,'0027','中性粒细胞绝对值','0','0-100',10,'2',NULL,'中性粒细胞绝对值'),(55,'0028','红细胞分布宽度-标准差','0','0-100',10,'2',NULL,'红细胞分布宽度-标准差'),(56,'0029','血小板压积','0','0-100',10,'2',NULL,'血小板压积'),(57,'0030','尿比重','0','0-100',10,'2',NULL,'尿比重'),(58,'0031','尿酸碱度','0','0-100',10,'2',NULL,'尿酸碱度'),(59,'0032','尿白细胞','0','0-100',10,'2',NULL,'尿白细胞'),(60,'0033','尿亚硝酸盐','0','0-100',10,'2',NULL,'尿亚硝酸盐'),(61,'0034','尿蛋白质','0','0-100',10,'2',NULL,'尿蛋白质'),(62,'0035','尿糖','0','0-100',10,'2',NULL,'尿糖'),(63,'0036','尿酮体','0','0-100',10,'2',NULL,'尿酮体'),(64,'0037','尿胆原','0','0-100',10,'2',NULL,'尿胆原'),(65,'0038','尿胆红素','0','0-100',10,'2',NULL,'尿胆红素'),(66,'0039','尿隐血','0','0-100',10,'2',NULL,'尿隐血'),(67,'0040','尿镜检红细胞','0','0-100',10,'2',NULL,'尿镜检红细胞'),(68,'0041','尿镜检白细胞','0','0-100',10,'2',NULL,'尿镜检白细胞'),(69,'0042','上皮细胞','0','0-100',10,'2',NULL,'上皮细胞'),(70,'0043','无机盐类','0','0-100',10,'2',NULL,'无机盐类'),(71,'0044','尿镜检蛋白定性','0','0-100',10,'2',NULL,'尿镜检蛋白定性'),(72,'0045','丙氨酸氨基转移酶','0','0-100',10,'2',NULL,'丙氨酸氨基转移酶'),(73,'0046','天门冬氨酸氨基转移酶','0','0-100',10,'2',NULL,'天门冬氨酸氨基转移酶'),(74,'0047','Y-谷氨酰转移酶','0','0-100',10,'2',NULL,'Y-谷氨酰转移酶'),(75,'0048','尿素','0','0-100',10,'2',NULL,'尿素'),(76,'0049','肌酐','0','0-100',10,'2',NULL,'肌酐'),(77,'0050','尿酸','0','0-100',10,'2',NULL,'尿酸'),(78,'0051','总胆固醇','0','0-100',10,'2',NULL,'总胆固醇'),(79,'0052','甘油三酯','0','0-100',10,'2',NULL,'甘油三酯'),(80,'0053','高密度脂蛋白胆固醇','0','0-100',10,'2',NULL,'高密度脂蛋白胆固醇'),(81,'0054','低密度脂蛋白胆固醇','0','0-100',10,'2',NULL,'低密度脂蛋白胆固醇'),(82,'0055','磷酸肌酸激酶','0','0-100',10,'2',NULL,'磷酸肌酸激酶'),(83,'0056','磷酸肌酸激酶同工酶','0','0-100',10,'2',NULL,'磷酸肌酸激酶同工酶'),(84,'0057','乳酸脱氢酶','0','0-100',10,'2',NULL,'乳酸脱氢酶'),(85,'0058','三碘甲状腺原氨酸','0','0-100',10,'2',NULL,'三碘甲状腺原氨酸'),(86,'0059','甲状腺素','0','0-100',10,'2',NULL,'甲状腺素'),(87,'0060','促甲状腺激素','0','0-100',10,'2',NULL,'促甲状腺激素'),(88,'0061','子宫','2','0-100',10,'2',NULL,'子宫'),(89,'0062','附件','2','0-100',10,'2',NULL,'附件'),(90,'0063','总胆红素','0','0-100',10,'2',NULL,'总胆红素'),(91,'0064','直接胆红素','0','0-100',10,'2',NULL,'直接胆红素'),(92,'0065','间接胆红素','0','0-100',10,'2',NULL,'间接胆红素');

/*Table structure for table `t_member` */

DROP TABLE IF EXISTS `t_member`;

CREATE TABLE `t_member` (
  `id` int(11) NOT NULL AUTO_INCREMENT,
  `fileNumber` varchar(32) DEFAULT NULL,
  `name` varchar(32) DEFAULT NULL,
  `sex` varchar(8) DEFAULT NULL,
  `idCard` varchar(18) DEFAULT NULL,
  `phoneNumber` varchar(11) DEFAULT NULL,
  `regTime` date DEFAULT NULL,
  `password` varchar(32) DEFAULT NULL,
  `email` varchar(32) DEFAULT NULL,
  `birthday` date DEFAULT NULL,
  `remark` varchar(128) DEFAULT NULL,
  PRIMARY KEY (`id`)
) ENGINE=InnoDB AUTO_INCREMENT=10034 DEFAULT CHARSET=utf8;

/*Data for the table `t_member` */

insert  into `t_member`(`id`,`fileNumber`,`name`,`sex`,`idCard`,`phoneNumber`,`regTime`,`password`,`email`,`birthday`,`remark`) values (82,NULL,'小明','1','123456789000999999','18511279942','2019-03-08',NULL,NULL,NULL,NULL),(83,NULL,'王美丽','1','132333333333333','13412345678','2019-03-11',NULL,NULL,NULL,NULL),(84,NULL,'test',NULL,NULL,'18511279942','2019-03-13',NULL,NULL,NULL,NULL),(92,NULL,'333','2','234234145432121345','18019286521','2019-04-19',NULL,NULL,NULL,NULL),(1001,NULL,'test','1','111111111111111','','2019-05-16',NULL,NULL,NULL,NULL);

/*Table structure for table `t_menu` */

DROP TABLE IF EXISTS `t_menu`;

CREATE TABLE `t_menu` (
  `id` int(11) NOT NULL AUTO_INCREMENT,
  `name` varchar(128) DEFAULT NULL,
  `linkUrl` varchar(128) DEFAULT NULL,
  `path` varchar(128) DEFAULT NULL,
  `priority` int(11) DEFAULT NULL,
  `icon` varchar(64) DEFAULT NULL,
  `description` varchar(128) DEFAULT NULL,
  `parentMenuId` int(11) DEFAULT NULL,
  `level` int(11) DEFAULT NULL,
  PRIMARY KEY (`id`),
  KEY `FK_Reference_13` (`parentMenuId`),
  CONSTRAINT `FK_Reference_13` FOREIGN KEY (`parentMenuId`) REFERENCES `t_menu` (`id`)
) ENGINE=InnoDB AUTO_INCREMENT=22 DEFAULT CHARSET=utf8;

/*Data for the table `t_menu` */

insert  into `t_menu`(`id`,`name`,`linkUrl`,`path`,`priority`,`icon`,`description`,`parentMenuId`,`level`) values (1,'会员管理',NULL,'2',1,'fa-user-md',NULL,NULL,1),(2,'会员档案','member.html','/2-1',1,NULL,NULL,1,2),(3,'体检上传',NULL,'/2-2',2,NULL,NULL,1,2),(4,'会员统计',NULL,'/2-3',3,NULL,NULL,1,2),(5,'预约管理',NULL,'3',2,'fa-tty',NULL,NULL,1),(6,'预约列表','ordersettinglist.html','/3-1',1,NULL,NULL,5,2),(7,'预约设置','ordersetting.html','/3-2',2,NULL,NULL,5,2),(8,'套餐管理','setmeal.html','/3-3',3,NULL,NULL,5,2),(9,'检查组管理','checkgroup.html','/3-4',4,NULL,NULL,5,2),(10,'检查项管理','checkitem.html','/3-5',5,NULL,NULL,5,2),(11,'健康评估',NULL,'4',3,'fa-stethoscope',NULL,NULL,1),(12,'中医体质辨识',NULL,'/4-1',1,NULL,NULL,11,2),(13,'统计分析',NULL,'5',4,'fa-heartbeat',NULL,NULL,1),(14,'会员数量','report_member.html','/5-1',1,NULL,NULL,13,2),(15,'系统设置',NULL,'6',5,'fa-users',NULL,NULL,1),(16,'菜单管理','menu.html','/6-1',1,NULL,NULL,15,2),(17,'权限管理','permission.html','/6-2',2,NULL,NULL,15,2),(18,'角色管理','role.html','/6-3',3,NULL,NULL,15,2),(19,'用户管理','user.html','/6-4',4,NULL,NULL,15,2),(20,'套餐占比','report_setmeal.html','/5-2',2,NULL,NULL,13,2),(21,'运营数据','report_business.html','/5-3',3,NULL,NULL,13,2);

/*Table structure for table `t_order` */

DROP TABLE IF EXISTS `t_order`;

CREATE TABLE `t_order` (
  `id` int(11) NOT NULL AUTO_INCREMENT,
  `member_id` int(11) DEFAULT NULL COMMENT '员会id',
  `orderDate` date DEFAULT NULL COMMENT '约预日期',
  `orderType` varchar(8) DEFAULT NULL COMMENT '约预类型 电话预约/微信预约',
  `orderStatus` varchar(8) DEFAULT NULL COMMENT '预约状态（是否到诊）',
  `setmeal_id` int(11) DEFAULT NULL COMMENT '餐套id',
  PRIMARY KEY (`id`),
  KEY `key_member_id` (`member_id`),
  KEY `key_setmeal_id` (`setmeal_id`),
  CONSTRAINT `key_member_id` FOREIGN KEY (`member_id`) REFERENCES `t_member` (`id`),
  CONSTRAINT `key_setmeal_id` FOREIGN KEY (`setmeal_id`) REFERENCES `t_setmeal` (`id`)
) ENGINE=InnoDB AUTO_INCREMENT=18 DEFAULT CHARSET=utf8;

/*Data for the table `t_order` */

insert  into `t_order`(`id`,`member_id`,`orderDate`,`orderType`,`orderStatus`,`setmeal_id`) values (17,84,'2019-04-28','微信预约','未到诊',12);

/*Table structure for table `t_ordersetting` */

DROP TABLE IF EXISTS `t_ordersetting`;

CREATE TABLE `t_ordersetting` (
  `id` int(11) NOT NULL AUTO_INCREMENT,
  `orderDate` date DEFAULT NULL COMMENT '约预日期',
  `number` int(11) DEFAULT NULL COMMENT '可预约人数',
  `reservations` int(11) DEFAULT NULL COMMENT '已预约人数',
  PRIMARY KEY (`id`)
) ENGINE=InnoDB AUTO_INCREMENT=262 DEFAULT CHARSET=utf8;

/*Data for the table `t_ordersetting` */

insert  into `t_ordersetting`(`id`,`orderDate`,`number`,`reservations`) values (161,'2020-05-23',888,100),(162,'2020-05-24',200,0),(163,'2020-05-25',288,0),(164,'2020-05-26',222,0),(165,'2020-05-27',222,0),(166,'2020-05-28',500,0),(167,'2020-05-29',234,0),(168,'2020-05-30',23,0),(169,'2020-05-31',133,0),(170,'2020-06-01',222,0),(171,'2020-06-02',222,100),(172,'2020-06-03',222,0),(173,'2020-06-04',222,0),(174,'2020-06-05',222,0),(175,'2020-06-06',222,0),(176,'2020-06-07',222,0),(177,'2020-06-08',222,0),(178,'2020-06-09',222,0),(179,'2020-06-10',222,0),(180,'2020-06-11',222,0),(181,'2020-06-12',222,0),(182,'2020-06-13',222,0),(183,'2020-06-14',222,0),(184,'2020-06-15',222,0),(185,'2020-06-16',222,0),(186,'2020-06-17',222,0),(187,'2020-06-18',222,0),(188,'2020-06-19',222,0),(189,'2020-06-20',222,0),(190,'2020-06-21',222,0),(191,'2020-06-22',222,0),(192,'2020-06-23',222,0),(193,'2020-06-24',222,0),(194,'2020-06-25',222,0),(195,'2020-06-26',222,0),(196,'2020-06-27',9900,0),(197,'2020-06-28',222,0),(198,'2020-06-29',222,0),(199,'2020-06-30',222,0),(200,'2020-07-01',222,0),(201,'2020-07-02',222,0),(202,'2020-07-03',222,0),(203,'2020-07-04',222,0),(204,'2020-07-05',222,0),(205,'2020-07-06',222,0),(206,'2020-07-07',222,0),(207,'2020-07-08',222,0),(208,'2020-07-09',222,0),(209,'2020-07-10',222,0),(210,'2020-07-11',222,0),(211,'2020-07-12',222,0),(212,'2020-07-13',222,0),(213,'2020-07-14',222,0),(214,'2020-07-15',222,0),(215,'2020-07-16',222,0),(216,'2020-07-17',222,0),(217,'2020-07-18',222,0),(218,'2020-07-19',222,0),(219,'2020-07-20',222,0),(220,'2020-07-21',222,0),(221,'2020-07-22',222,0),(222,'2020-07-23',222,0),(223,'2020-07-24',222,0),(224,'2020-07-25',222,0),(225,'2020-07-26',222,0),(226,'2020-07-27',222,0),(227,'2020-07-28',222,0),(228,'2020-07-29',222,0),(229,'2020-07-30',222,0),(230,'2020-07-31',222,0),(231,'2020-08-01',222,0),(232,'2020-08-02',222,0),(233,'2020-08-03',222,0),(234,'2020-08-04',222,0),(235,'2020-08-05',222,0),(236,'2020-08-06',222,0),(237,'2020-08-07',222,0),(238,'2020-08-08',222,0),(239,'2020-08-09',222,0),(240,'2020-08-10',222,0),(241,'2020-08-11',222,0),(242,'2020-08-12',222,0),(243,'2020-08-13',222,0),(244,'2020-08-14',222,0),(245,'2020-08-15',222,0),(246,'2020-08-16',222,0),(247,'2020-08-17',222,0),(248,'2020-08-18',222,0),(249,'2020-08-19',222,0),(250,'2020-08-20',222,0),(251,'2020-08-21',222,0),(252,'2020-08-22',222,0),(253,'2020-08-23',222,0),(254,'2020-08-24',222,0),(255,'2020-08-25',222,0),(256,'2020-08-26',222,0),(257,'2020-08-27',222,0),(258,'2020-08-28',222,0),(259,'2020-08-29',222,0),(260,'2020-12-01',888,0),(261,'2020-08-30',888,0);

/*Table structure for table `t_permission` */

DROP TABLE IF EXISTS `t_permission`;

CREATE TABLE `t_permission` (
  `id` int(11) NOT NULL AUTO_INCREMENT,
  `name` varchar(32) DEFAULT NULL,
  `keyword` varchar(64) DEFAULT NULL,
  `description` varchar(128) DEFAULT NULL,
  PRIMARY KEY (`id`)
) ENGINE=InnoDB AUTO_INCREMENT=27 DEFAULT CHARSET=utf8;

/*Data for the table `t_permission` */

insert  into `t_permission`(`id`,`name`,`keyword`,`description`) values (1,'新增检查项','CHECKITEM_ADD',NULL),(2,'删除检查项','CHECKITEM_DELETE',NULL),(3,'编辑检查项','CHECKITEM_EDIT',NULL),(4,'查询检查项','CHECKITEM_QUERY',NULL),(5,'新增检查组','CHECKGROUP_ADD',NULL),(6,'删除检查组','CHECKGROUP_DELETE',NULL),(7,'编辑检查组','CHECKGROUP_EDIT',NULL),(8,'查询检查组','CHECKGROUP_QUERY',NULL),(9,'新增套餐','SETMEAL_ADD',NULL),(10,'删除套餐','SETMEAL_DELETE',NULL),(11,'编辑套餐','SETMEAL_EDIT',NULL),(12,'查询套餐','SETMEAL_QUERY',NULL),(13,'预约设置','ORDERSETTING',NULL),(14,'查看统计报表','REPORT_VIEW',NULL),(15,'新增菜单','MENU_ADD',NULL),(16,'删除菜单','MENU_DELETE',NULL),(17,'编辑菜单','MENU_EDIT',NULL),(18,'查询菜单','MENU_QUERY',NULL),(19,'新增角色','ROLE_ADD',NULL),(20,'删除角色','ROLE_DELETE',NULL),(21,'编辑角色','ROLE_EDIT',NULL),(22,'查询角色','ROLE_QUERY',NULL),(23,'新增用户','USER_ADD',NULL),(24,'删除用户','USER_DELETE',NULL),(25,'编辑用户','USER_EDIT',NULL),(26,'查询用户','USER_QUERY',NULL);

/*Table structure for table `t_role` */

DROP TABLE IF EXISTS `t_role`;

CREATE TABLE `t_role` (
  `id` int(11) NOT NULL AUTO_INCREMENT,
  `name` varchar(32) DEFAULT NULL,
  `keyword` varchar(64) DEFAULT NULL,
  `description` varchar(128) DEFAULT NULL,
  PRIMARY KEY (`id`)
) ENGINE=InnoDB AUTO_INCREMENT=3 DEFAULT CHARSET=utf8;

/*Data for the table `t_role` */

insert  into `t_role`(`id`,`name`,`keyword`,`description`) values (1,'系统管理员','ROLE_ADMIN',NULL),(2,'健康管理师','ROLE_HEALTH_MANAGER',NULL);

/*Table structure for table `t_role_menu` */

DROP TABLE IF EXISTS `t_role_menu`;

CREATE TABLE `t_role_menu` (
  `role_id` int(11) NOT NULL,
  `menu_id` int(11) NOT NULL,
  PRIMARY KEY (`role_id`,`menu_id`),
  KEY `FK_Reference_10` (`menu_id`),
  CONSTRAINT `FK_Reference_10` FOREIGN KEY (`menu_id`) REFERENCES `t_menu` (`id`),
  CONSTRAINT `FK_Reference_9` FOREIGN KEY (`role_id`) REFERENCES `t_role` (`id`)
) ENGINE=InnoDB DEFAULT CHARSET=utf8;

/*Data for the table `t_role_menu` */

insert  into `t_role_menu`(`role_id`,`menu_id`) values (1,1),(2,1),(1,2),(2,2),(1,3),(2,3),(1,4),(2,4),(1,5),(1,6),(1,7),(1,8),(1,9),(1,10),(1,11),(1,12),(1,13),(1,14),(1,15),(1,16),(1,17),(1,18),(1,19),(1,20),(1,21);

/*Table structure for table `t_role_permission` */

DROP TABLE IF EXISTS `t_role_permission`;

CREATE TABLE `t_role_permission` (
  `role_id` int(11) NOT NULL,
  `permission_id` int(11) NOT NULL,
  PRIMARY KEY (`role_id`,`permission_id`),
  KEY `FK_Reference_12` (`permission_id`),
  CONSTRAINT `FK_Reference_11` FOREIGN KEY (`role_id`) REFERENCES `t_role` (`id`),
  CONSTRAINT `FK_Reference_12` FOREIGN KEY (`permission_id`) REFERENCES `t_permission` (`id`)
) ENGINE=InnoDB DEFAULT CHARSET=utf8;

/*Data for the table `t_role_permission` */

insert  into `t_role_permission`(`role_id`,`permission_id`) values (1,1),(2,1),(1,2),(2,2),(1,3),(2,3),(1,4),(2,4),(1,5),(2,5),(1,6),(2,6),(1,7),(2,7),(1,8),(2,8),(1,9),(2,9),(1,10),(2,10),(1,11),(2,11),(1,12),(2,12),(1,13),(2,13),(1,14),(2,14),(1,15),(1,16),(1,17),(1,18),(1,19),(1,20),(1,21),(1,22),(1,23),(1,24),(1,25),(1,26);

/*Table structure for table `t_setmeal` */

DROP TABLE IF EXISTS `t_setmeal`;

CREATE TABLE `t_setmeal` (
  `id` int(11) NOT NULL AUTO_INCREMENT,
  `name` varchar(128) DEFAULT NULL,
  `code` varchar(8) DEFAULT NULL,
  `helpCode` varchar(16) DEFAULT NULL,
  `sex` char(1) DEFAULT NULL,
  `age` varchar(32) DEFAULT NULL,
  `price` float DEFAULT NULL,
  `remark` varchar(128) DEFAULT NULL,
  `attention` varchar(128) DEFAULT NULL,
  `img` varchar(128) DEFAULT NULL,
  PRIMARY KEY (`id`)
) ENGINE=InnoDB AUTO_INCREMENT=47 DEFAULT CHARSET=utf8;

/*Data for the table `t_setmeal` */

insert  into `t_setmeal`(`id`,`name`,`code`,`helpCode`,`sex`,`age`,`price`,`remark`,`attention`,`img`) values (12,'入职无忧体检套餐（男女通用）','0001','RZTJ','0','18-60',300,'入职体检套餐',NULL,'cf040296-9526-42ac-af40-38461a2c3e74.jpg'),(13,'粉红珍爱(女)升级TM12项筛查体检套餐','0002','FHZA','2','18-60',1200,'本套餐针对宫颈(TCT检查、HPV乳头瘤病毒筛查）、乳腺（彩超，癌抗125），甲状腺（彩超，甲功验血）以及胸片，血常规肝功等有全面检查，非常适合女性全面疾病筛查使用。',NULL,'cf040296-9526-42ac-af40-38461a2c3e74.jpg'),(14,'阳光爸妈升级肿瘤12项筛查（男女单人）体检套餐','0003','YGBM','0','55-100',1400,'本套餐主要针对常见肿瘤筛查，肝肾、颈动脉、脑血栓、颅内血流筛查，以及风湿、颈椎、骨密度检查',NULL,'cf040296-9526-42ac-af40-38461a2c3e74.jpg'),(15,'珍爱高端升级肿瘤12项筛查（男女单人）','0004','ZAGD','0','14-20',2400,'本套餐是一款针对生化五项检查，心，肝，胆，胃，甲状腺，颈椎，肺功能，脑部检查（经颅多普勒）以及癌症筛查，适合大众人群体检的套餐',NULL,'cf040296-9526-42ac-af40-38461a2c3e74.jpg');

/*Table structure for table `t_setmeal_checkgroup` */

DROP TABLE IF EXISTS `t_setmeal_checkgroup`;

CREATE TABLE `t_setmeal_checkgroup` (
  `setmeal_id` int(11) NOT NULL DEFAULT '0',
  `checkgroup_id` int(11) NOT NULL DEFAULT '0',
  PRIMARY KEY (`setmeal_id`,`checkgroup_id`),
  KEY `checkgroup_key` (`checkgroup_id`),
  CONSTRAINT `checkgroup_key` FOREIGN KEY (`checkgroup_id`) REFERENCES `t_checkgroup` (`id`),
  CONSTRAINT `setmeal_key` FOREIGN KEY (`setmeal_id`) REFERENCES `t_setmeal` (`id`)
) ENGINE=InnoDB DEFAULT CHARSET=utf8;

/*Data for the table `t_setmeal_checkgroup` */

insert  into `t_setmeal_checkgroup`(`setmeal_id`,`checkgroup_id`) values (12,5),(12,6),(12,7),(12,8),(12,9),(12,10),(14,10),(15,10),(12,11),(14,11),(15,11),(14,12),(14,13),(15,13),(13,14),(15,14),(13,15);

/*Table structure for table `t_user` */

DROP TABLE IF EXISTS `t_user`;

CREATE TABLE `t_user` (
  `id` int(11) NOT NULL AUTO_INCREMENT,
  `birthday` date DEFAULT NULL,
  `gender` varchar(1) DEFAULT NULL,
  `username` varchar(32) DEFAULT NULL,
  `password` varchar(256) DEFAULT NULL,
  `remark` varchar(32) DEFAULT NULL,
  `station` varchar(1) DEFAULT NULL,
  `telephone` varchar(11) DEFAULT NULL,
  PRIMARY KEY (`id`)
) ENGINE=InnoDB AUTO_INCREMENT=4 DEFAULT CHARSET=utf8;

/*Data for the table `t_user` */

insert  into `t_user`(`id`,`birthday`,`gender`,`username`,`password`,`remark`,`station`,`telephone`) values (1,NULL,NULL,'admin','$2a$10$u/BcsUUqZNWUxdmDhbnoeeobJy6IBsL1Gn/S0dMxI2RbSgnMKJ.4a',NULL,NULL,NULL),(2,NULL,NULL,'xiaoming','$2a$10$3xW2nBjwBM3rx1LoYprVsemNri5bvxeOd/QfmO7UDFQhW2HRHLi.C',NULL,NULL,NULL),(3,NULL,NULL,'test','$2a$10$zYJRscVUgHX1wqwu90WereuTmIg6h/JGirGG4SWBsZ60wVPCgtF8W',NULL,NULL,NULL);

/*Table structure for table `t_user_role` */

DROP TABLE IF EXISTS `t_user_role`;

CREATE TABLE `t_user_role` (
  `user_id` int(11) NOT NULL,
  `role_id` int(11) NOT NULL,
  PRIMARY KEY (`user_id`,`role_id`),
  KEY `FK_Reference_8` (`role_id`),
  CONSTRAINT `FK_Reference_7` FOREIGN KEY (`user_id`) REFERENCES `t_user` (`id`),
  CONSTRAINT `FK_Reference_8` FOREIGN KEY (`role_id`) REFERENCES `t_role` (`id`)
) ENGINE=InnoDB DEFAULT CHARSET=utf8;

/*Data for the table `t_user_role` */

insert  into `t_user_role`(`user_id`,`role_id`) values (1,1),(2,2);

/*Table structure for table `tb_user` */

DROP TABLE IF EXISTS `tb_user`;

CREATE TABLE `tb_user` (
  `id` int(11) NOT NULL AUTO_INCREMENT,
  `username` varchar(255) COLLATE utf8mb4_bin NOT NULL,
  `password` varchar(255) COLLATE utf8mb4_bin NOT NULL,
  `identity` varchar(50) COLLATE utf8mb4_bin DEFAULT NULL,
  PRIMARY KEY (`id`) USING BTREE,
  UNIQUE KEY `identity` (`identity`) USING BTREE
) ENGINE=MyISAM AUTO_INCREMENT=6 DEFAULT CHARSET=utf8mb4 COLLATE=utf8mb4_bin ROW_FORMAT=DYNAMIC;

/*Data for the table `tb_user` */

insert  into `tb_user`(`id`,`username`,`password`,`identity`) values (1,'123','123','123'),(3,'yewu3','123456','123456'),(4,'sang','jjjjjj','123456789'),(5,'sang2','111111','1234567');

/*!40101 SET SQL_MODE=@OLD_SQL_MODE */;
/*!40014 SET FOREIGN_KEY_CHECKS=@OLD_FOREIGN_KEY_CHECKS */;
/*!40014 SET UNIQUE_CHECKS=@OLD_UNIQUE_CHECKS */;
/*!40111 SET SQL_NOTES=@OLD_SQL_NOTES */;
